SVM_pvector;Shap;Permutation;LRC_perturbation;LRC_covariance
Rb ka + Br kb;K ka;K ka;K ka;Rh ka Compton
Zn;Rb ka + Br kb;Rb ka + Br kb;Rb ka + Br kb;K ka
background3;Cl;Cl;Rh ka Compton;background2
Cl;Rh ka Compton;Rh ka Compton;background3;Fe
Rh ka Compton;K kb + Ca ka;K kb + Ca ka;background2;Rh kb Compton
Cu;background3;Br ka;Cl;Rh ka Rayleigh
Rh kb Rayleigh;Br ka;Zn;Rh kb Compton;background3
Rh kb Compton;Rh kb Compton;background3;Fe;Rb ka + Br kb
K kb + Ca ka;Zn;Rh kb Compton;Br ka;K kb + Ca ka
background2;Fe;Rh ka Rayleigh;K kb + Ca ka;
Br ka;background2;Fe;Zn;
background1;Rh ka Rayleigh;background2;Rh ka Rayleigh;
Fe;background1;Rh kb Rayleigh;Cu;
Rh ka Rayleigh;Cu;Cu;background1;
K ka;S;background1;Rh kb Rayleigh;
Mn;Rh kb Rayleigh;Mn;Mn;
S;Mn;S;S;
;;;;
